-4.586017121090989690e+01,4.469084007906502620e+01,-3.237600846395797305e+01,-5.382873274943306541e+01,-2.244561340378459136e+01,-4.028993380894957177e+00,-1.934806974904237720e+01
-4.821540211067146942e+01,4.313253678014804393e+01,-3.226825064961658285e+01,-5.168488532327218365e+01,-2.313160186370134497e+01,-3.336787300115617416e+00,-1.900652971020987536e+01
-4.640309550326607990e+01,4.281407270416530508e+01,-3.093286762718388516e+01,-5.366575563751823097e+01,-2.300450258738079512e+01,-5.058889907031355548e+00,-1.935473083871928779e+01
-4.719914209345287759e+01,4.260746007487531983e+01,-3.062702208787247926e+01,-5.336107536352573533e+01,-2.238024394339149126e+01,-5.452846298388871915e+00,-2.072457884177078569e+01
-4.642694517519020536e+01,4.292188578666342380e+01,-3.221028622604123370e+01,-5.188585227809846145e+01,-2.182585968198315385e+01,-4.614663497688056282e+00,-1.924299541950473369e+01
-1.608264249618402530e+01,-1.132925341680560649e+01,2.747939948078055394e+01,-1.176382363457647173e+01,-3.230051261521027328e+01,2.209180725694006142e+01,3.050214604936552121e+01
-1.871440464092896505e+01,-1.412262646015805778e+01,2.737571121801067164e+01,-1.292517819607566487e+01,-3.319447516657226771e+01,2.329426619210839888e+01,3.105245327558675328e+01
-1.894960967642375849e+01,-1.298862722068481190e+01,2.573304658604495998e+01,-1.141583374407887774e+01,-3.306659334436373143e+01,2.324609945186910664e+01,3.121676892470137687e+01
-1.962934408953054444e+01,-1.109963982271542804e+01,2.690849137536415370e+01,-1.338036016707748743e+01,-3.190889273581154484e+01,2.569097283911086294e+01,2.972272844645713263e+01
-1.974877012400758147e+01,-1.199977871465754120e+01,2.723218099414172499e+01,-1.180141964649338604e+01,-3.189030494490976153e+01,2.397600265258540730e+01,2.929661312677445650e+01
3.545108457666579937e+01,3.210626913068519173e+01,-1.532604928565598890e+01,-8.086613270049587854e+00,3.045054211264640998e+01,-4.003391850657824591e+01,3.517575147883585629e+01
3.321400735226003320e+01,3.273357838606227688e+01,-1.343824679185118320e+01,-1.022456342387571837e+01,3.119350208412931380e+01,-4.219592243922469521e+01,3.476158140506768746e+01
3.339245929912991073e+01,3.384771561668065232e+01,-1.638846732672328699e+01,-1.066697778372881267e+01,3.194105368809813328e+01,-3.889036617912964999e+01,3.530949430921811683e+01
3.417763835572091580e+01,3.185390323651787980e+01,-1.681360104876053541e+01,-1.011359309143661278e+01,3.103693991515492812e+01,-3.983134379652395296e+01,3.429958764307463781e+01
3.211037388331627085e+01,3.192486178285621889e+01,-1.425615094719167963e+01,-9.602934243476219933e+00,3.236032946081228090e+01,-4.012437099041181909e+01,3.845082424285894263e+01
3.405913884782606971e+01,3.075365216355420017e+01,-1.542736349308471233e+01,-1.070607863978506558e+01,3.118009240578264141e+01,-3.912556615831368134e+01,3.570036896676564453e+01
2.490096091077197471e+01,-7.389080698757098276e+01,3.758001728037805833e+01,-9.174363064741072549e+00,1.123072267380073797e+01,-1.542210808853185622e+00,2.464942502934362878e+01
2.362561284570812958e+01,-7.626694664863545370e+01,3.689832826869022853e+01,-1.161238913682323926e+01,9.977943807977382562e+00,-2.108276363919890706e+00,2.417611131329329410e+01
2.541933490155894404e+01,-7.568421394792925128e+01,3.852764682735150359e+01,-9.482445252491411125e+00,1.329753217330780224e+01,-5.892391979462037188e-01,2.561692765781277004e+01
2.434903654924343996e+01,-7.379520481396465925e+01,3.622308333638785882e+01,-8.665554630325237540e+00,1.280887782183678780e+01,-3.382507286499805144e-01,2.713053514397206101e+01
2.263122670260689873e+01,-7.489545604521755706e+01,3.740425407684537618e+01,-1.056604218777657778e+01,1.058458466450800017e+01,-9.270539108879807255e-01,2.543378018949795205e+01
2.377259170548781597e+01,-7.582092782194719405e+01,3.838641585058700656e+01,-1.000271807570027427e+01,1.355313370761689029e+01,-2.540549001270284712e+00,2.609991644125448218e+01
-1.285880091186717067e+01,-3.254558886221206393e+01,6.464839899907525833e+00,4.177590294846569208e+01,-1.286377896756363626e+01,2.774522818022107629e+01,1.106367921292705603e+01
-1.151287609927472388e+01,-3.038148770829604217e+01,5.861586047516410325e+00,4.180899673121979276e+01,-1.320433687211728113e+01,2.715201192016280629e+01,1.302269099365304150e+01
-1.098842669579492082e+01,-3.245280526960884515e+01,4.735469658038718777e+00,4.160977736334015731e+01,-1.383896962790379881e+01,2.360669158131059930e+01,1.269699016281584569e+01
-1.193081990139608806e+01,-3.370748111833405858e+01,4.501491870110624127e+00,4.219125094284025579e+01,-1.573342146684781184e+01,2.544374241079919585e+01,1.214904079599517850e+01
-1.248039973812507952e+01,-3.195881594520900038e+01,4.109101270419017737e+00,4.126076926371850107e+01,-1.371074829507706916e+01,2.770208475100342937e+01,1.340472458936965516e+01
-9.584005765864233695e+00,-3.196073989901523404e+01,6.527275537519777515e+00,4.300575121086217933e+01,-1.435159005901600260e+01,2.666695981524895842e+01,1.393395609592244178e+01
-3.651764209298627151e+01,3.520114772671161063e+01,-6.864673592462709451e+01,2.576579672106514707e+01,3.845289845044391086e+00,2.407156409715432233e+01,2.969093186968622433e+01
-3.562564711638061965e+01,3.465009267731567633e+01,-6.984508033108966174e+01,2.599167822407229167e+01,4.134206003874505875e+00,2.195802935785989973e+01,2.746603074572116654e+01
-3.555601596634249262e+01,3.467163444592315358e+01,-6.837559314547767997e+01,2.517304575566720359e+01,4.737559231806694804e+00,2.389839716138060766e+01,2.978852830585756095e+01
-3.553180291891049336e+01,3.567379101253072804e+01,-6.860960394137798346e+01,2.554584058889993514e+01,5.545122301614836324e+00,2.312479653278348479e+01,3.006154637164944532e+01
-3.598834282349247360e+01,3.565470511575646384e+01,-6.795400455110038251e+01,2.550514062129707327e+01,3.472710919209199609e+00,2.437465171996029412e+01,2.959578903665099858e+01
-3.516201092327996491e+01,3.519134071302718780e+01,-6.864746178033273338e+01,2.391988065024542820e+01,5.342937170890029286e+00,2.341099094881217368e+01,2.844811079492913919e+01
4.439174286734220942e+01,4.249856487937600491e+01,-1.101543057220332855e+01,3.555800142903543559e+01,-1.692289715324365229e+00,-2.795491302164715464e+01,1.277389057338301370e+01
4.510266815666982865e+01,4.157404761439894259e+01,-9.289717798122000048e+00,3.605971280318448891e+01,-9.659922983316538980e-01,-2.922759178463863350e+01,9.976543997881979209e+00
4.574732045547162329e+01,3.923498219185808011e+01,-1.066421329853158717e+01,3.878478187236102315e+01,-1.648253397135797993e+00,-2.853498470441062551e+01,1.032736852517291481e+01
4.464935614604080172e+01,4.252565641019698717e+01,-1.089345254660230111e+01,3.580538750706641338e+01,-2.408951404978134647e+00,-2.756860172552350363e+01,1.314408116054303477e+01
4.458288075719683263e+01,4.100513402151560882e+01,-8.842621275785630175e+00,3.781692637969674564e+01,-5.280126793173840483e+00,-2.898162650289494380e+01,1.223832435838158084e+01
4.526285913162006125e+01,3.879158758515190897e+01,-9.871735643001084526e+00,3.815264233994862053e+01,-2.271419841803884454e-01,-2.888441742691616909e+01,1.237683256568884538e+01
3.105553921437917353e+01,2.595307565035807684e+01,-2.203494082903593920e+01,6.299766314456251237e+00,2.398811649708016702e+01,2.279586807578681373e+01,-2.327791628609225683e+01
3.121743704270426889e+01,2.563066763128071202e+01,-2.163878657194129218e+01,7.563654419435596132e+00,2.377731966648203610e+01,2.160069375221722865e+01,-2.428996817370629557e+01
3.029452678864462456e+01,2.560235248158767263e+01,-2.463054001206963761e+01,5.212864657038263516e+00,2.447298919855641230e+01,2.311520156994658848e+01,-2.499521994435714234e+01
2.874999423131830412e+01,2.523504843562245625e+01,-2.343757263528376455e+01,6.126516389759144587e+00,2.362692731949503866e+01,2.403162752274972647e+01,-2.518592755388839777e+01
2.917810579731615661e+01,2.554860233487911358e+01,-2.465512181021031068e+01,6.628070560070886685e+00,2.444371609436898041e+01,2.295453001101779122e+01,-2.326818406930808436e+01
3.036252749357473135e+01,2.458137318512489600e+01,-2.275181478945780000e+01,8.077238702710088702e+00,2.264149713759746518e+01,2.361651794190721887e+01,-2.649910256602168346e+01
-5.362123118481851236e+01,-7.813495843233992844e+01,-3.705502001196668971e+01,5.014375404517106460e+01,9.074143801362437145e+00,-3.160037825582313076e+01,-2.627176458977666229e+01
-5.338680723455944843e+01,-7.754922574396206869e+01,-3.634266802426078868e+01,4.862409254755144872e+01,1.331135920093051084e+01,-3.216127967205489568e+01,-2.505750878242239921e+01
-5.373781263943153164e+01,-7.905498369087005983e+01,-3.886422921600696156e+01,4.805493049147541740e+01,1.196649232295535015e+01,-3.030832914401455014e+01,-2.698608205189508524e+01
-5.330215767509300662e+01,-7.697085558650327641e+01,-3.815787383954960177e+01,4.884831422449872207e+01,1.168347808519375164e+01,-2.870641340059753333e+01,-2.730668628284638544e+01
-5.285121733981170422e+01,-8.044101983252727450e+01,-3.652329446950931668e+01,4.865045544007626432e+01,1.142175349707063781e+01,-2.905665133208829332e+01,-2.618866419397795298e+01
-5.329973688046281666e+01,-7.917905138140079657e+01,-3.627460794357008922e+01,5.016140561477190118e+01,1.280790746117074974e+01,-3.124400991228168678e+01,-2.635443897190539886e+01
-3.071000030937756975e+01,-5.925196703627370454e+01,-2.171851384568561727e+01,-3.958822593899599340e+00,2.234215233671228162e+01,1.044773756306425483e+01,-1.724661722548708909e+01
-3.272644234627921378e+01,-6.238887844111330594e+01,-2.176122457862037507e+01,-4.317369338299968717e+00,2.238586652972666613e+01,1.115296717248492797e+01,-1.757055727406618573e+01
-3.219469441136158139e+01,-5.851067559585847278e+01,-2.030206096951914319e+01,-5.985991720276871320e+00,2.227820075714443959e+01,9.253318054362932088e+00,-1.631940777919927044e+01
-3.316718272197395123e+01,-6.050173267286620415e+01,-2.145714970266041277e+01,-1.650486568297539147e+00,2.309173644018287419e+01,1.070252885908987395e+01,-1.753739201467871212e+01
-3.362255304092813191e+01,-6.232053897871845294e+01,-2.147538216943360823e+01,-1.875580433171226469e+00,2.162792842762593537e+01,1.274464708045589489e+01,-1.659504225629917684e+01
-3.174124073660272316e+01,-5.782503521107891231e+01,-2.119544174114880519e+01,-2.690210026194968851e+00,2.434237722364255418e+01,1.197895812664392956e+01,-1.837044756101182230e+01
3.818035710603482613e+01,3.843877650897874076e+01,1.866001762384343721e+01,2.515855331739641443e+01,-4.416261177770905988e+01,-1.581612207644601753e+00,-2.162617821805947216e+01
3.551427023720234644e+01,3.870255190314347260e+01,1.898784755563642435e+01,2.294066640164258075e+01,-4.329728992762201756e+01,-5.245397646309425177e+00,-2.044074198629565586e+01
3.763788874265980411e+01,4.204667684403793970e+01,1.893579110914263097e+01,2.655481579896066791e+01,-4.494382950554756917e+01,-3.452571600756223269e+00,-2.278437364712419466e+01
3.552599603718668675e+01,4.118067415021265276e+01,1.940362098199624086e+01,2.713854763339037035e+01,-4.417211478572160388e+01,-3.301127655764398039e+00,-2.233469464815415861e+01
3.733680868242603168e+01,4.047241882887279729e+01,1.691137477731029293e+01,2.409245578669616350e+01,-4.380738751911622586e+01,-2.808479100957865793e+00,-2.116113798364667531e+01
3.940763620278091395e+01,3.993137474501723716e+01,1.854172850412996354e+01,2.451919484930466453e+01,-4.481528732558452077e+01,-3.565389982965014859e+00,-2.030847527810916731e+01
-5.240625569792601368e+01,-3.082881471327041822e+01,6.378067464066467629e+00,-3.588075051698527318e+01,-6.147740380372897562e+01,-1.880166092296325786e+01,1.121606421335727433e+01
-5.339538371486590052e+01,-3.281289147034106435e+01,1.008758867567017958e+01,-3.702368797228375996e+01,-6.296871125944181813e+01,-2.006099440569737524e+01,1.380443137339591964e+01
-5.440696832386496595e+01,-3.256049888189489394e+01,8.054168114980363669e+00,-3.680682098347031683e+01,-6.084287924807563286e+01,-1.927772643460464508e+01,1.485480790319809685e+01
-5.271595151882671360e+01,-3.106805349621783208e+01,6.022266256469197998e+00,-3.775467940618373319e+01,-5.994465549052096520e+01,-1.982031322481982372e+01,1.298859742368740022e+01
-5.452870587946610925e+01,-3.145233632814467128e+01,7.365920494243675343e+00,-3.835624565345419512e+01,-5.995087674407459133e+01,-2.072612874374999947e+01,1.232562098601971279e+01
-5.448209593840217480e+01,-3.077369445537164694e+01,7.025399974124237445e+00,-3.901222666707857911e+01,-6.154230938167005860e+01,-1.974154053895970407e+01,1.326245619278952148e+01
2.560949416838727899e+01,-2.112732487571311424e+01,4.080604033823707510e+01,-3.269605654344299062e+00,-3.354718673358667580e+00,-2.060934536257696337e+01,-1.026330392945508230e+01
2.636277466216672138e+01,-2.311498237001322309e+01,3.900150759996343197e+01,-3.904536633820621105e+00,-1.170759731447204688e+00,-1.831144376603715074e+01,-7.611413348908990351e+00
2.660362845560340972e+01,-2.278102207548913682e+01,3.994960290703041039e+01,-3.914524267770207899e+00,-2.911913256633769542e+00,-1.881326344869496836e+01,-8.698305952556864895e+00
2.537791744523358517e+01,-2.336984479230879685e+01,3.963027487341999233e+01,-4.720517845707835392e+00,-1.458807885203211807e+00,-2.034134351058052559e+01,-8.373524127025525843e+00
2.533036888467938397e+01,-2.309441472927346695e+01,4.010005526124430730e+01,-4.782947476232331852e+00,-2.462060968625487511e+00,-1.918654514652769194e+01,-9.470767922424791152e+00
2.913999564267201592e+01,-2.381554642182914350e+01,3.940268552813604686e+01,-3.652487188799860007e+00,-1.129856861058545325e+00,-2.097266072638099388e+01,-9.157186144725962151e+00
2.224489128500421131e+01,-1.398586109546871370e+01,-1.478210822191748441e+01,-4.534768741905836009e+01,2.346027628349605720e+01,1.983339691159440754e+00,-4.993328170189593962e+00
2.216790101694654425e+01,-1.288162916694682103e+01,-1.507737508864258480e+01,-4.710450911399808405e+01,2.251466094084885228e+01,4.341451430150715662e-01,-5.530768006966032324e+00
2.246876795705343355e+01,-1.310135063227233942e+01,-1.362768145342783654e+01,-4.493384392871632826e+01,2.337448443713961055e+01,2.137418957632932770e-01,-8.101442261902660036e+00
2.322733843797818309e+01,-1.290139120614087531e+01,-1.676245225308425191e+01,-4.403234667843102557e+01,2.059932662886570043e+01,-1.286259395033742869e+00,-6.874764671850892128e+00
2.299304878564582566e+01,-1.196288153372875307e+01,-1.527451715538640364e+01,-4.488716259630294303e+01,2.335313610863133960e+01,-3.291675164299591172e-01,-5.569195934580799090e+00
2.361571929101504352e+01,-1.197587679624569112e+01,-1.577676912874996695e+01,-4.485579024045548380e+01,2.316152177716032412e+01,-1.551326281774809468e+00,-4.807690969149571281e+00
-1.110806163366146393e+02,5.600515250328657402e+01,7.259809547286411657e+01,2.068225325983554796e+00,4.815687547974238214e+01,2.016297312102951711e+00,-5.675987742894142762e+00
-1.102809124266734528e+02,5.490244729033221205e+01,7.175075589638572637e+01,1.455656498112057440e+00,4.879652968055071227e+01,6.048093003593358885e-01,-4.424107691424920219e+00
-1.100260114962236599e+02,5.617987747811620380e+01,7.345081446387851543e+01,1.915595056226665704e+00,4.855755645045069713e+01,1.660646800692545888e+00,-4.382136408635595615e+00
-1.125190587553126420e+02,5.468086034134122997e+01,7.367546546007919517e+01,1.567200792145189592e+00,5.066386383633513191e+01,1.918864569625689187e+00,-4.474746092745961690e+00
-1.104644243189486446e+02,5.542135291819659670e+01,7.293459319466876423e+01,-2.851014521744893448e-01,4.738671384861920188e+01,2.443352393071148931e+00,-4.272705806197015121e+00
-1.110275643600489417e+02,5.506054761085331961e+01,7.308872274637184319e+01,2.107914759240454128e+00,5.015686501241679451e+01,3.498167382258338343e+00,-4.747683239094256713e+00
1.843738043048006148e+01,3.070900278461668975e+01,8.131446003427722502e+00,3.740637010107821681e+01,-1.923723240882936381e+01,3.510614981676148716e+01,-1.879580015379637459e+01
1.848393716101065110e+01,3.077312739663746299e+01,7.443446567072633968e+00,3.976228367188705448e+01,-1.792188103808440403e+01,3.789562476878042929e+01,-1.754454311178509940e+01
2.043521656865710767e+01,3.209940852432470138e+01,8.714193520537405035e+00,3.750891528591284896e+01,-1.835676004081485857e+01,3.791760215194663886e+01,-1.733618828991592764e+01
1.872796380399310223e+01,3.035746260285663212e+01,5.493392538326268948e+00,4.011629260672703623e+01,-1.762204574087954612e+01,3.661166515396892152e+01,-1.616279392937518367e+01
1.765340389210687277e+01,3.173448521575928538e+01,8.917338651864321619e+00,3.992717266500176976e+01,-1.805092197125275177e+01,3.677187865130579780e+01,-1.443502366107374790e+01
1.853725585438940016e+01,3.087380469686087281e+01,6.928931998958328897e+00,3.820162355329164683e+01,-1.723645229680128921e+01,3.584720668431418744e+01,-1.759964873057883139e+01
1.509829912903136240e+01,1.200138449687673692e+01,3.644158684687019978e+00,-3.183018063151787658e+01,1.447249455115331784e+01,4.034542031088336955e+01,3.535060108454610717e+00
1.390463409644069159e+01,1.163099756308816168e+01,1.285281568744345737e+00,-3.099084799976311189e+01,1.253691866901830920e+01,3.802394722901966162e+01,5.256223197229338950e+00
1.522898770153101111e+01,1.255171234748932996e+01,2.319044432675338996e+00,-3.198246871821187653e+01,1.322760173077941914e+01,3.768172382678362453e+01,5.174097720184246185e+00
1.373332697778375078e+01,1.069473658390318249e+01,9.619385802610097569e-02,-3.113981746668124018e+01,1.300117206391147207e+01,3.755306663735103001e+01,5.553113438568094473e+00
1.411017623269533949e+01,1.074487221053518304e+01,1.661890811328110007e-01,-3.200204592485519584e+01,1.279935590918477750e+01,3.790905002110636701e+01,5.758886906203235512e+00
1.576453698957874394e+01,1.041341606406534126e+01,2.385067165887878371e+00,-3.255640553738065535e+01,1.308317920013757352e+01,4.008635035986402784e+01,2.239160875089801994e+00
6.246407571820265758e+01,-2.354166769449278007e+01,-6.842145632661608134e-01,-3.564939156975651002e+01,2.820923684578001023e+00,9.966448779345105535e+00,-2.392540432719824395e+01
6.251977635546549550e+01,-2.455750935512435262e+01,-2.607304473997102523e+00,-3.644060228499740361e+01,2.970738494828657483e+00,9.234279440063282607e+00,-2.532093559797424476e+01
6.135659759303354832e+01,-2.551914540776370188e+01,-7.926772347968784604e-01,-3.639861624216106151e+01,3.065514660663364310e+00,9.320034818811361532e+00,-2.387550142214031368e+01
6.228952810396453543e+01,-2.423570321064621069e+01,-2.531024297505759080e+00,-3.642640114026903575e+01,2.666212171599616543e+00,1.018969350175493638e+01,-2.356272506735132310e+01
6.270675859319257484e+01,-2.408546723040200277e+01,-2.465975888393770354e+00,-3.523476703972152535e+01,3.115734515387016401e+00,9.853346638294937065e+00,-2.384400681193734073e+01
6.409667362235209964e+01,-2.431277870744656155e+01,-1.615266889821743046e+00,-3.629552385703853901e+01,4.528322396772907155e+00,8.033909755694027766e+00,-2.221721414448041187e+01
3.916130389275981893e-01,1.890074845019271166e+01,3.884450606372612924e+01,1.742546746959885695e+01,6.517192464730503509e+00,-2.833416705873917962e+01,-2.405815563428662074e+01
-4.871462525570774971e-01,1.864686419657616767e+01,3.892454946008116679e+01,1.850883354669914027e+01,8.081646589054585661e+00,-2.756856760823113817e+01,-2.400651461679198206e+01
-2.647808603986451237e-01,1.837343284651332453e+01,3.971822210585643376e+01,1.704109216451384867e+01,6.269559046767322563e+00,-2.712042136584502927e+01,-2.288509528156037121e+01
-7.598147190288451203e-01,1.892120806329214489e+01,4.056879420917372414e+01,1.693818198212311898e+01,7.711060767101192148e+00,-2.766165445026938841e+01,-2.368865577611175866e+01
7.739914850561130377e-02,1.826701181028539978e+01,4.122901166558315822e+01,1.708574144954739538e+01,7.322425559010084406e+00,-2.633977625569061587e+01,-2.287941912704115666e+01
7.291700616148934166e+00,3.479597574934039272e+01,-1.074999594616370580e+01,-8.912819329787695644e-01,2.261196293135378177e+00,-1.684423907203871806e+01,3.013513848066134670e+01
6.297217391854493584e+00,3.308394788041986345e+01,-8.885228010814330446e+00,-1.411973897174590764e+00,2.847171587975125817e+00,-1.678665582920019617e+01,2.829617625508049628e+01
6.334756499402518060e+00,3.475503269036000376e+01,-9.306172186152060988e+00,-1.203703755094792882e+00,1.861744203720830271e+00,-1.656945170052123473e+01,3.154573873629470881e+01
8.492362035223981920e+00,3.300516718852190934e+01,-9.386793188338465654e+00,-2.515648124897953863e+00,4.156343003336437913e-01,-1.675613154748119982e+01,2.937032212312225354e+01
7.437560083749032991e+00,3.611917518698740537e+01,-5.913693564415105186e+00,-4.008669539208677968e+00,2.821470557982403982e+00,-1.546747444847382447e+01,2.974458300140122091e+01
-7.713869443346789012e+01,7.507445288670170669e+01,-5.843347580388703477e+01,-5.700821536160688652e+01,-4.037315185492978742e+01,-1.869462553694196316e+01,-2.676251943199812899e+01
-7.771053196957957709e+01,7.557372573935485605e+01,-6.014205995862342746e+01,-5.751230047819603897e+01,-4.143210072639894292e+01,-1.814027846643791264e+01,-2.545989539941782454e+01
-7.789374276633475347e+01,7.601614460398641882e+01,-6.084428899618652054e+01,-5.571098365561724819e+01,-3.902966919850266692e+01,-1.817809688793181166e+01,-2.630955223497883821e+01
-7.729326551351189778e+01,7.324191848228635138e+01,-5.919302947226088207e+01,-5.796867342616050678e+01,-3.986179444795161686e+01,-1.901309590579350939e+01,-2.612707482198289455e+01
-7.771954879346324674e+01,7.549945803692702384e+01,-5.876675096032823120e+01,-5.856069213931348116e+01,-4.243468300494975409e+01,-1.748753376158856909e+01,-2.696700384719814991e+01
-2.311321119457496920e+01,-1.861618483139814018e+01,2.844950180939647311e+01,-1.386300593239790935e+01,-4.345010307618726841e+01,2.644286470877963779e+01,3.779420469504447055e+01
-2.020021958747195967e+01,-1.676663020063884346e+01,2.622971679276556500e+01,-1.330485843970350857e+01,-4.183133949897841575e+01,2.615616420534020392e+01,3.661132774983584426e+01
-2.100346472315497337e+01,-1.827106157866175451e+01,2.825767649830428141e+01,-1.486390845276883432e+01,-4.144924443689028948e+01,2.517021045087086861e+01,3.669967483899001337e+01
-2.070608716379337721e+01,-1.805873615369827689e+01,2.905456209942867574e+01,-1.385387400467898189e+01,-4.274131280057474669e+01,2.612598990107639452e+01,3.588533590662071759e+01
-2.106120870608642193e+01,-1.618758059424894569e+01,2.795731204648050294e+01,-1.395160641294350690e+01,-4.338882912115477808e+01,2.520237217978589683e+01,3.763238767088590464e+01
3.838177750836391056e+01,3.675752489976105153e+01,-1.875199875496769053e+01,-7.809192395202500414e+00,2.780415375431443437e+01,-3.603884727226428453e+01,3.243708397717819736e+01
3.908047942944570963e+01,3.682256721769496721e+01,-1.890818611376771941e+01,-8.787238946750703050e+00,2.713474855303972078e+01,-3.602830818940138613e+01,3.227470873257528439e+01
3.839890557100120105e+01,3.459714478040829988e+01,-1.717013471391683765e+01,-7.088207962084506875e+00,2.849055121629623955e+01,-3.717566969644308017e+01,3.160395667441526513e+01
3.778853750302211978e+01,3.670403059492595332e+01,-1.809029956755515300e+01,-7.774495692680597259e+00,2.858895416552778457e+01,-3.493777794032411066e+01,3.518643683300827973e+01
4.047706023570152922e+01,3.552914923473041853e+01,-1.886650984374915652e+01,-9.402612103740352723e+00,2.638649151060383247e+01,-3.545562446942584955e+01,3.200931389810717320e+01
3.914142721632472188e+01,3.531791173912584725e+01,-1.796402769242467201e+01,-8.236882479005563695e+00,2.768385145508673162e+01,-3.633563913745106788e+01,3.184012527167110207e+01
2.590680816952220766e+01,-6.733784170552598880e+01,3.767409273386096658e+01,-5.768319773798841865e+00,4.300593669399206398e+00,4.919490445834546755e-01,2.482333406368534767e+01
2.636038498747283043e+01,-6.708158266620834809e+01,3.737128228820096609e+01,-5.016453887596556527e+00,4.643678749525816940e+00,-6.691584691865128942e-01,2.471273444783884443e+01
2.406578452893993969e+01,-6.584280626423189631e+01,3.735359233063807238e+01,-5.534325556038449889e+00,3.979081363367927615e+00,-1.362015602375010292e+00,2.295520114824383029e+01
2.512575629811127698e+01,-6.674910321641438316e+01,3.709227032908148658e+01,-4.907727176982499273e+00,4.492965168085248706e+00,-7.734637854975155991e-01,2.451793094753242741e+01
2.649335922908617036e+01,-6.802103886514174746e+01,3.698994394440037325e+01,-5.891697900815149325e+00,4.216370111283311850e+00,8.437650165445611528e-01,2.451076026851745837e+01
2.520539053125459006e+01,-6.736330167244631184e+01,3.735644919400631636e+01,-6.025026154304832460e+00,4.458039639495613216e+00,-1.586213003772662944e-02,2.334394767772639057e+01
-1.456793765140043462e+01,-3.563778411484454267e+01,-2.234640703074797230e+00,4.334547655640044184e+01,-1.197479614804696446e+01,2.235417019539278272e+01,1.245181442796820015e+01
-1.495645643280625592e+01,-3.571833666448433320e+01,-8.164188283270228386e-01,4.021737967109752532e+01,-1.245810589195586182e+01,2.255489990055416172e+01,1.172119380391578147e+01
-1.487634157041419947e+01,-3.453528903060896482e+01,1.059884406086187281e-01,4.277086628360063969e+01,-1.063237840508229226e+01,2.240339611551546994e+01,1.332044157534713413e+01
-1.464819213193086433e+01,-3.562402302391184605e+01,-1.359389256723128270e+00,4.243306963223471939e+01,-1.096800073638544148e+01,2.166520317706354248e+01,1.182750898533124762e+01
-1.581855966434756589e+01,-3.390365399343285446e+01,-1.434651473123040866e+00,4.288250494081940900e+01,-1.312001313177547246e+01,2.134581198324001861e+01,1.139276647985551172e+01
-1.620271452977377891e+01,-3.630330981158991932e+01,-1.875625384482932256e+00,4.137876594015445875e+01,-1.179460159714701284e+01,2.205358974057401511e+01,1.287180888136915158e+01
-2.984877164718783860e+01,1.523866823188270914e+01,-6.209742385963215838e+01,2.097771361744842267e+01,9.708686783120874964e+00,2.402951217610573309e+01,3.064305048196503378e+01
-3.033778439642200198e+01,1.539837379751656066e+01,-6.076619781416901134e+01,2.250659689488881554e+01,9.312865056411121500e+00,2.488154295401588811e+01,3.189248089391783125e+01
-2.964195675151602671e+01,1.551686180231993717e+01,-6.143762532758800177e+01,2.129840876734786548e+01,1.038115401005700278e+01,2.308851407381452603e+01,3.075326788524978383e+01
-2.988845927156984317e+01,1.460213503618403763e+01,-6.145140709667652601e+01,2.020307914725763254e+01,8.891516450950122774e+00,2.527187993950900236e+01,3.083827627058920129e+01
-3.014227160611781997e+01,1.518256107561638046e+01,-6.285807172874449833e+01,2.077474304051177256e+01,1.022031415417886535e+01,2.349195888311569647e+01,3.107347579195627674e+01
-3.081798307869598830e+01,1.421835752043470613e+01,-6.212565681557994424e+01,2.255181810599647818e+01,9.643014120923481869e+00,2.389496134119086079e+01,3.161280895690370940e+01
4.625334790324014023e+01,3.910574284350720120e+01,-7.084950890909035515e+00,3.964491176733017141e+01,1.107792778315027649e+00,-2.933093404453165931e+01,7.782034521594861864e+00
4.671705186860107517e+01,3.806324236532711325e+01,-8.030796254289791491e+00,3.962407489295574692e+01,4.821180139075220694e-02,-2.991237976648846342e+01,1.190215283954304404e+01
4.601929402773728128e+01,3.924465451398874194e+01,-8.469938489078156607e+00,3.867783529273271625e+01,1.495850188214452814e+00,-2.848404384967407665e+01,1.189109942197687886e+01
4.821307229669041305e+01,3.787455291566419646e+01,-8.927409102044096656e+00,3.959600057338565904e+01,1.167682377536425786e+00,-2.995552855545868809e+01,8.761137432038333728e+00
4.695942028494931719e+01,4.017166601094038469e+01,-1.083266715264537083e+01,3.753790975860589896e+01,3.340567007839968294e+00,-3.015730140451872643e+01,8.824028465726943438e+00
4.537054240099685387e+01,3.907556486342601687e+01,-8.758459911403537745e+00,3.994640915209437537e+01,6.293045989214289815e-01,-2.776551465567064980e+01,8.332801802057247187e+00
2.109523654304388884e+01,1.764457087143986413e+01,-2.833213186261967209e+01,-5.058146235026262261e+00,2.310703532032871621e+01,1.733795937229173134e+01,-2.085609290967231999e+01
2.041209033286460439e+01,1.861941261077274135e+01,-2.880734765664955077e+01,-5.907550902621324873e+00,2.263991073453584946e+01,1.751465012836939650e+01,-1.859896153786664286e+01
2.042455809158056823e+01,1.904452756708534977e+01,-2.509947457435382034e+01,-3.420303975049100664e+00,2.329964680532136612e+01,1.586921771445241625e+01,-2.018509152469661316e+01
2.136859143851625120e+01,1.855045448674939479e+01,-2.615112100185598720e+01,-6.796401207146968382e+00,2.299101903473722075e+01,1.668704676190488811e+01,-2.052330088163598276e+01
2.030470320972921527e+01,1.703119094498381969e+01,-2.698068407580815986e+01,-4.601022469191337727e+00,2.361916851570049403e+01,1.525426904463787814e+01,-2.059694040556154349e+01
2.110642818550099165e+01,1.710025890365155377e+01,-2.614396343390579247e+01,-6.519606634905326992e+00,2.400279072249004031e+01,1.720716485721731104e+01,-1.851902782963322736e+01
-5.321895676250635177e+01,-7.442949967573134984e+01,-3.808924912215717740e+01,4.846719028729807377e+01,1.597251632194027238e+01,-3.022373745344773965e+01,-2.397656021112707592e+01
-5.290313282307903364e+01,-7.578042448804364994e+01,-4.048449345051961501e+01,4.646978604862712814e+01,1.395890156388186121e+01,-3.035185318447008385e+01,-2.656492240435585828e+01
-5.310212047959746684e+01,-7.412182335389823606e+01,-3.803614611958632707e+01,4.816874039026286880e+01,1.403916303212911565e+01,-3.178378348846417367e+01,-2.544431326610943600e+01
-5.211751380498986208e+01,-7.513276120828898286e+01,-3.777576065966466246e+01,4.886973247695856770e+01,1.404703157702092575e+01,-3.233292747701499792e+01,-2.449870421762071260e+01
-5.385124745633547150e+01,-7.455939184458566160e+01,-3.925222602946039530e+01,4.741990129781488861e+01,1.399726326248697816e+01,-3.180931275579949258e+01,-2.438102393011614666e+01
-5.157319490030026543e+01,-7.381454421989590742e+01,-3.984358350662770931e+01,4.748449865284267446e+01,1.414158730970076938e+01,-2.905687515998377535e+01,-2.514492979226612945e+01
-2.541537050887738047e+01,-6.424078687769838325e+01,-2.317890767596234269e+01,-1.568034589770901199e+01,1.989796514321745491e+01,1.263004468755758580e+01,-1.343585053764571668e+01
-2.465839390461339065e+01,-6.447541584205491461e+01,-2.228631816732515603e+01,-1.401933140730831617e+01,1.807319668485678221e+01,1.439547293130287109e+01,-1.060417902974864290e+01
-2.512142121825225516e+01,-6.404591515033547466e+01,-2.397006699230102100e+01,-1.340937021628359993e+01,1.789870133387299234e+01,1.378747574985647795e+01,-1.357700003703568470e+01
-2.572584664986757375e+01,-6.458813861140581025e+01,-2.131009414920860223e+01,-1.563713560773333278e+01,2.025984923461481202e+01,1.132949347199269141e+01,-1.247726331892556750e+01
-2.394497830957971374e+01,-6.288744125267780305e+01,-2.219899559648498055e+01,-1.485308517411064599e+01,1.790918588391972577e+01,1.212325942888070784e+01,-1.270434177571450007e+01
-2.459412182958681115e+01,-6.679645907046204911e+01,-2.178689970820239097e+01,-1.365056012661613671e+01,1.809077062986686357e+01,1.193846421200555774e+01,-1.217336638272099414e+01
4.154886324248919038e+01,4.261022577044888493e+01,2.670144210998549283e+01,3.533323383022550956e+01,-4.503651967294028680e+01,-2.786402905344882885e+00,-2.021859671762038957e+01
4.231061322225163934e+01,4.326747645106232909e+01,2.853980695312424487e+01,3.766002978108564747e+01,-4.653855089879343865e+01,-2.234200148026888044e+00,-2.045718488000717628e+01
4.249769334534465770e+01,4.315095124403071480e+01,2.642582552413997732e+01,3.451481988289755520e+01,-4.523077304541552479e+01,-2.483131444301588608e+00,-1.917205778453865150e+01
4.158401975171900489e+01,4.263991573317030515e+01,2.763053018068090338e+01,3.340425139428744927e+01,-4.476458061097568475e+01,-2.373721548256645164e+00,-1.851579275038806927e+01
4.168292933262755184e+01,4.344736549906663470e+01,2.686710231372693514e+01,3.485017738724174308e+01,-4.539780522514917038e+01,-3.644890387042341917e+00,-2.036307083101350557e+01
4.077532452700472732e+01,4.285402502670729774e+01,2.644764354923273686e+01,3.505848215444407856e+01,-4.602674236708545408e+01,-2.506298335118303910e+00,-2.084139608402024635e+01
-5.197809719030905029e+01,-2.922779343149985820e+01,1.136473212510419017e+01,-3.667716799832682284e+01,-5.415643028725886410e+01,-1.720663596099007719e+01,1.307350403172174858e+01
-4.919418842921882629e+01,-2.803854437116127940e+01,9.804107764777318934e+00,-3.590228522691722901e+01,-5.325542238178736909e+01,-1.535048292099879319e+01,1.419484120934809113e+01
-5.154581026497341156e+01,-2.850539122331016273e+01,1.140044819013246169e+01,-3.451837996508276518e+01,-5.527867629707191810e+01,-1.697700980126356285e+01,1.214205642280103703e+01
-5.079920470137889765e+01,-2.639908909244705981e+01,1.301553733568776039e+01,-3.495608038802744488e+01,-5.584956802426330569e+01,-1.506067198381497541e+01,1.250235197988403435e+01
-5.010773884193049810e+01,-2.708248108394649023e+01,1.056200969851756000e+01,-3.674253409990966901e+01,-5.683707585702811826e+01,-1.513026449169958099e+01,1.387435801665161783e+01
-5.098106670644608585e+01,-2.773586747745518366e+01,1.209302249813960017e+01,-3.651680751326717456e+01,-5.610546703820322278e+01,-1.656598235588664636e+01,1.431936591610493004e+01
2.643688099943388892e+01,-1.523133523931589650e+01,3.611537317084302856e+01,-4.107272900464709053e+00,5.949800602768728908e-02,-2.833562425299824383e+01,-9.436961724486831571e+00
2.788534143638114315e+01,-1.381840548310110606e+01,3.601964630936179645e+01,-3.949316135795310156e+00,1.284205071726856051e-01,-2.902923603724767432e+01,-1.052558153325742474e+01
2.821258973370656165e+01,-1.538129719442921939e+01,3.533324995972251514e+01,-3.442448894889643896e+00,-6.287072913066813484e-01,-2.782863227548022422e+01,-7.589265780958225349e+00
2.860772119065467578e+01,-1.627149894512861650e+01,3.625792900878556679e+01,-2.546216783735752109e+00,-5.207297888238033856e-01,-2.782546535882864802e+01,-8.237156175330790475e+00
2.873521676821284743e+01,-1.201203406447899980e+01,3.699147137503407379e+01,-3.149307802532603784e+00,-2.025815842234000463e+00,-2.884049688301367098e+01,-8.693417247012481752e+00
2.330678217076017589e+01,-1.330420102118235448e+01,3.674670847314708055e+01,-2.488090774408197703e+00,-3.426365292933808426e-01,-2.855889709838953650e+01,-8.892467543947967457e+00
2.527775308676858756e+01,-1.477461493614577925e+01,-1.251387183379687684e+01,-4.843632990261040305e+01,2.556039427715348467e+01,-4.172085060609930451e+00,-6.498046977497981658e+00
2.431736436628730402e+01,-1.542404030893831646e+01,-1.322884409121996185e+01,-4.888043207280460933e+01,2.566615371912399723e+01,-3.546318589194145332e+00,-8.301281780604004013e+00
2.561063179932250833e+01,-1.698782146313254415e+01,-1.208116411819645286e+01,-4.846087037716853274e+01,2.631128268616626187e+01,-3.953927045624241021e+00,-7.299467103244325905e+00
2.309007549199449372e+01,-1.564963350824584332e+01,-1.057062250969845252e+01,-5.005785031224131387e+01,2.825720642871782218e+01,-1.414926195133510589e+00,-6.441351987439905002e+00
2.682474407085551604e+01,-1.673702355472952163e+01,-1.275264393445692690e+01,-4.849781370588937790e+01,2.554870838131198241e+01,-1.780275022219365511e+00,-7.139110436601990628e+00
2.537690808928455155e+01,-1.619337199937219651e+01,-1.091615465074966629e+01,-4.841612573491977400e+01,2.852027965225419237e+01,-5.167303043720785638e-01,-8.420742202274743349e+00
-1.086416294738909158e+02,5.026576684416928487e+01,6.427692660006231051e+01,3.683378552437334807e+00,5.036972234348352373e+01,7.037744086700070678e-01,-5.610140039370616449e+00
-1.081870083324655525e+02,4.949034259227876476e+01,6.575320002852907919e+01,5.755220410232549710e+00,4.973088591153518934e+01,8.779447447051296205e-01,-4.113285330349075508e+00
-1.071914715529608202e+02,4.893446419835341032e+01,6.643793557564006846e+01,4.147027101095623003e+00,4.703180702625813581e+01,-8.968571726985268278e-01,-3.958766262990764506e+00
-1.085819142733124352e+02,4.719684815618659002e+01,6.468289864117821253e+01,3.778686119262121501e+00,4.907752327268305237e+01,-1.733809033330326876e-01,-4.179693972218945675e+00
-1.085700434557041945e+02,4.711788180009018845e+01,6.628732802251076350e+01,3.902543241826063714e+00,4.950472003027427093e+01,-1.236948691029647884e+00,-4.199955400781448134e+00
-1.077536442089610631e+02,4.814897547252637366e+01,6.656099191831798123e+01,3.109677631737273629e+00,4.645688819043041917e+01,-7.726574908373026185e-01,-4.286511377638231757e+00
1.978344534670076627e+01,2.732246060885986338e+01,1.097909270454951880e+01,3.855023754103247313e+01,-1.487958178309310853e+01,3.658992473491525743e+01,-1.664401374873315120e+01
1.793484286120808235e+01,2.625098456850590978e+01,1.041211973617838460e+01,3.811667880552987242e+01,-1.797739261354650253e+01,3.633496765990847877e+01,-1.631942625634281541e+01
1.530922556714945415e+01,2.704457656232434459e+01,9.148653712149727113e+00,3.930798705792391701e+01,-1.638016105298846625e+01,3.729407040175728838e+01,-1.694687504832026548e+01
1.888954816554811700e+01,2.669637150972565109e+01,1.300407874069852632e+01,3.854686830766983974e+01,-1.860700061599631283e+01,3.765165308932689925e+01,-1.642233000085677475e+01
1.764803944232033928e+01,2.630026328741168840e+01,1.129301832011024409e+01,3.660011933048691901e+01,-1.716008498353681233e+01,3.645798013038352536e+01,-1.808998097268109717e+01
1.850490291089800010e+01,2.662659764550899055e+01,9.781763058964735080e+00,3.807071313472373930e+01,-1.689183264839602572e+01,3.791107521602672392e+01,-1.599776536688436579e+01
1.907544869543911759e+01,8.078278550448347417e+00,-2.505146197634068095e+00,-3.037271368145660588e+01,1.656419613753304176e+01,3.889621922560235134e+01,7.394936764198158485e+00
1.968297876490912657e+01,7.895421846479982797e+00,-7.036830379719815065e-01,-3.023509649979821390e+01,1.769207860072780392e+01,4.068570900522066580e+01,6.447322458776661769e+00
2.070446172725118572e+01,9.379949909131989116e+00,-1.098620918712243544e+00,-3.104746454502940267e+01,1.555333763408287950e+01,3.765088985983632597e+01,6.582228088115891218e+00
1.785778561241042794e+01,8.785297488503299945e+00,-1.158237526572527987e+00,-3.136052245021240026e+01,1.644202637575487813e+01,4.026131878615443327e+01,6.332364088286173143e+00
1.738581221684499312e+01,8.399967129724281278e+00,-1.868477377607287160e+00,-3.076095776987568442e+01,1.667047363098867763e+01,3.935295099378014072e+01,6.284046381895798561e+00
1.749779378692234388e+01,8.023359775486051504e+00,-1.084988584188057992e+00,-3.023530747896460014e+01,1.669108080548295447e+01,3.784155809422161809e+01,8.556648329346982607e+00
7.013363511751910551e+01,-2.197260890622615293e+01,3.113540079857484710e-01,-3.002981471698698002e+01,-5.200503159019098653e-03,1.164610768760731219e+01,-2.410096829941410945e+01
6.828813347757250085e+01,-1.841946413772342694e+01,1.079729070453200324e-01,-2.884136552998293013e+01,9.357304261881482788e-02,1.037825514841944496e+01,-2.353405619531857695e+01
7.109297550433063861e+01,-2.043294561326884207e+01,8.711928836322724301e-01,-2.949093956151024543e+01,-1.794547633044454527e+00,1.268135547958662634e+01,-2.488091800078706228e+01
6.956269058828053176e+01,-1.874180158195559898e+01,1.240923125824735962e+00,-2.944578229226959110e+01,-1.618393956447263249e-01,1.114657161893163106e+01,-2.412085368718704004e+01
7.008519512284644293e+01,-1.922807642679579132e+01,2.593041872763828692e+00,-3.054623364122468132e+01,1.464624510211867681e-01,1.088494191530229571e+01,-2.395846572674760466e+01
6.799363043644578397e+01,-2.010307421357413560e+01,1.034983042332312086e+00,-2.978542243784588806e+01,-8.943132715556394441e-01,1.187647217856711990e+01,-2.486095657746463772e+01
8.699919825128043627e+00,2.383536548011183243e+01,3.072530744238171962e+01,9.111445840030492960e+00,9.103869738726524830e+00,-2.267547596176611790e+01,-2.473404417239890307e+01
8.600775542051041000e+00,2.224370105633515493e+01,3.394975680688997954e+01,9.057054658597756713e+00,8.022871154242890768e+00,-2.274041849240344249e+01,-2.519356989734532348e+01
9.003718360463862425e+00,2.266402100809855114e+01,3.204935839499662364e+01,8.839471269766333350e+00,9.435807352224376388e+00,-2.325191369298738309e+01,-2.602186530113758423e+01
9.016305185473973083e+00,2.182753809630706243e+01,3.311717837911458417e+01,8.767993229585473003e+00,9.936333157597220023e+00,-2.255283282706493964e+01,-2.472665514876349491e+01
7.989687947186450145e+00,2.308914877852421199e+01,3.194772427171294993e+01,9.496175404802198017e+00,1.024347593104020504e+01,-2.468273314579359479e+01,-2.480250657609779097e+01
2.768134270223687565e+01,6.690939041563583878e+00,-6.556106363828482664e+00,-6.276058936862497717e+00,4.332682910482817285e+00,-1.097987309387878341e+01,2.605415502119538118e+01
2.868610849746485059e+01,6.330163023028131164e+00,-9.056204856582166229e+00,-5.253862621815718725e+00,5.367131488062542921e+00,-1.160806107374556362e+01,2.653854785679487449e+01
2.810954876357013887e+01,6.008988625286318275e+00,-6.662303693224066237e+00,-7.134916446407880919e+00,5.689361628828956796e+00,-1.192192910672941686e+01,2.451289027286921041e+01
2.586432261097374052e+01,7.187705759077426038e+00,-6.954751357238768250e+00,-3.808277426471654792e+00,4.486328192235522039e+00,-1.232692959857206816e+01,2.531673474186397499e+01
2.550330144532548360e+01,6.034746063290998386e+00,-9.122118749557881046e+00,-3.385466679773779131e+00,3.632188641271230978e+00,-1.279406354687730385e+01,2.681377454149172479e+01
-5.652579305923641328e+01,7.096320118743228988e+01,-5.799827104840428404e+01,-5.736970646944732266e+01,-4.504421812648799772e+01,-1.694317975516598551e+01,-3.100816017692611481e+01
-5.613517617181039299e+01,6.989772281899236361e+01,-5.898799687145672266e+01,-5.553089972262687013e+01,-4.453409789493606041e+01,-1.773867205282165571e+01,-3.107658089561962100e+01
-5.564511400688605391e+01,6.958823347482721999e+01,-5.727176672214685738e+01,-5.628757259622638998e+01,-4.462559478692769943e+01,-1.720009422495744289e+01,-3.125037444881211002e+01
-5.484062780209463739e+01,6.911539894854563215e+01,-5.670770968626774788e+01,-5.662947441196600096e+01,-4.449929417630399087e+01,-1.716697988445463707e+01,-3.170515711953076377e+01
-5.533771843857393691e+01,6.996910731319846377e+01,-5.827427165855819169e+01,-5.637660793349741795e+01,-4.441778079806200452e+01,-1.784107930182702617e+01,-2.988209332455632961e+01
-2.250836508403021341e+01,-2.552926017984989571e+01,3.032963663187712555e+01,-1.508661063145152248e+01,-3.997587581546809332e+01,2.308717768821572491e+01,2.822640068041875949e+01
-2.350472094547331636e+01,-2.389149905123083428e+01,3.231736376602970040e+01,-1.446304711325340264e+01,-4.071555875169266869e+01,2.221867095734710063e+01,2.931682145902363246e+01
-2.113504573133564790e+01,-2.565175933949034004e+01,3.224954518243868762e+01,-1.533133950861040340e+01,-4.126381443981799890e+01,2.305387624292707116e+01,2.946483659703651981e+01
-2.203912542330471425e+01,-2.615622657473373280e+01,2.975328122096335193e+01,-1.436850315688793600e+01,-4.031825403068565805e+01,1.947003653785305843e+01,3.028347786044762202e+01
-2.238914070185570537e+01,-2.602349233951736451e+01,2.986218065477628514e+01,-1.419711726663078011e+01,-4.000830580656812430e+01,2.250860449752359216e+01,2.995773014023497183e+01
3.008731542035390660e+01,4.329913068897842976e+01,-2.478328102332157812e+01,-1.015692734251004659e+01,2.995640001239163652e+01,-3.530340461744772540e+01,3.257295847300348157e+01
3.198749043141601334e+01,4.294933311468970061e+01,-2.676388166789524803e+01,-7.355131417199416433e+00,2.999341170713564964e+01,-3.298004138929654516e+01,3.332175611614307797e+01
3.223012588691331359e+01,4.407965635294785756e+01,-2.578251448125991629e+01,-8.147007343972104465e+00,2.737510081635175041e+01,-3.525904583109876711e+01,3.408624882501072051e+01
3.201755999112144480e+01,4.290245228117494491e+01,-2.439388334496166522e+01,-8.369957164445711584e+00,2.816705930410815384e+01,-3.615433548211260728e+01,3.150030748822416271e+01
3.163059011304940782e+01,4.448201146365153846e+01,-2.617335116011067697e+01,-7.104319139298152841e+00,2.927244398561308714e+01,-3.523425747702894029e+01,3.056969952838739601e+01
3.153668974901225397e+01,4.591428913545871637e+01,-2.478229004663070612e+01,-7.155537146681187011e+00,2.940814190686994323e+01,-3.566302616958296312e+01,3.334843104299594074e+01
2.611534130845664237e+01,-5.696963981613978945e+01,3.793717368676352208e+01,-1.147161317862796714e+01,1.339762946563309320e+01,-4.463339461126289542e+00,2.434266878433158965e+01
2.693929745029283396e+01,-5.622551114536260997e+01,3.825030435119516881e+01,-1.032947571122177344e+01,1.400146327133243851e+01,-2.937658539693899229e+00,2.597704403224783931e+01
2.664066721535970927e+01,-5.737215236643501726e+01,3.630234733083624832e+01,-1.230026372318280359e+01,1.201302596083492347e+01,-3.807053402172932088e+00,2.532117874674682412e+01
2.727265850793405022e+01,-5.808148156647794025e+01,3.945848043781730752e+01,-1.264173097267745938e+01,1.146559464358027114e+01,-4.221435268463580748e+00,2.513383827555600192e+01
2.790864502873908037e+01,-5.709418616523877432e+01,3.842067544697897574e+01,-1.021627791375530592e+01,1.316254303210215326e+01,-6.053030659264680757e+00,2.563426385085367087e+01
2.830512373887929556e+01,-5.676835826851521460e+01,3.866094224588194095e+01,-1.079847560608295964e+01,1.054329973770375517e+01,-3.534265942796542159e+00,2.519028061504538840e+01
-9.499719831992313956e+00,-2.710618251956574198e+01,2.069550638436800316e+00,4.148185859605097647e+01,-1.193428682266095642e+01,2.453904395810068095e+01,1.578290575397047490e+01
-1.017928036041573314e+01,-2.907614508710223333e+01,1.860023574789973155e+00,4.412318771033092446e+01,-1.093848027942534706e+01,2.472555367801593817e+01,1.580276910716627903e+01
-1.161214529817934071e+01,-2.860032181101351867e+01,2.689304792389708432e+00,4.248998776723623649e+01,-1.282548427297709281e+01,2.745791853129082227e+01,1.380418074655432825e+01
-1.074312028790513374e+01,-2.720877138310564902e+01,2.713398792990118658e+00,4.202351465515986462e+01,-1.018704106318666724e+01,2.657927111514460350e+01,1.621099888973158087e+01
-9.429742746283139354e+00,-2.907604077641364881e+01,3.405198029058857490e+00,4.225399275940100097e+01,-9.592864942268073847e+00,2.508575974897465954e+01,1.491738968453681302e+01
-1.091442466197147176e+01,-2.690573744657101329e+01,1.521252137122505843e+00,4.284154084448337585e+01,-1.085620343963467072e+01,2.544897256652260253e+01,1.348713242976836568e+01
-3.169427169062570826e+01,2.574899353528446611e+01,-7.199080092660287278e+01,2.097219409592426231e+01,8.601658379270514132e+00,2.035604592546910752e+01,3.568160806517693828e+01
-3.217665614484012337e+01,2.647051706498330148e+01,-7.246957342167054605e+01,1.919258321867742723e+01,8.649139801217184953e+00,2.170935712514401317e+01,3.534248746789760531e+01
-3.220456096441955651e+01,2.586043279451998345e+01,-7.338942235155712979e+01,2.100811567620342402e+01,7.454366984828245002e+00,2.134934723861028161e+01,3.468171994845803852e+01
-3.254182234650789241e+01,2.520467896019246368e+01,-7.267679211586322197e+01,2.260187633520574124e+01,7.647315799350884014e+00,2.011527838448763816e+01,3.381741062990641922e+01
-3.265724158680064448e+01,2.447932014329632011e+01,-7.303911637110687138e+01,2.077756177461660414e+01,8.537522664970538244e+00,2.004282966939571153e+01,3.406081096891019655e+01
-3.188035527596465357e+01,2.607417442538373464e+01,-7.187124128808017076e+01,2.036403725495196682e+01,7.323626804062666196e+00,2.095436077155741117e+01,3.480577086771310036e+01
5.688835048037433495e+01,3.249557624595806971e+01,-8.880200606976933031e+00,4.039992839988293127e+01,-6.888300621975834481e+00,-2.578790113636517844e+01,1.794726867789735536e+01
5.493223973092612056e+01,3.466664026232790974e+01,-9.624591281520579855e+00,3.995059846968606365e+01,-7.131542529104746286e+00,-2.394554061910189802e+01,1.644052125625838912e+01
5.495755824359242325e+01,3.556929158124545864e+01,-8.430295665892774792e+00,3.859572672146875760e+01,-7.888621169540945388e+00,-2.537058142135213146e+01,1.622352383756397387e+01
5.456130132351155027e+01,3.346940199177657860e+01,-7.492914920014491109e+00,4.005846172878817413e+01,-5.927263208588303911e+00,-2.550158500942363560e+01,1.616012737423936230e+01
5.498141016560045102e+01,3.305889393826642930e+01,-7.867615757288778155e+00,4.046877032902521876e+01,-6.074795115646876020e+00,-2.349707612970805215e+01,1.802433592005353447e+01
5.641495092846487580e+01,3.584302772515222557e+01,-8.266079074538101423e+00,3.829839676008806038e+01,-7.280381110711933168e+00,-2.577519786630685417e+01,1.747874943388083580e+01
2.825885629261984633e+01,1.357973004458360577e+01,-2.874357326815464830e+01,2.137392838417988106e+00,2.155570729076321612e+01,1.881191013844325255e+01,-2.282637951558873723e+01
2.892752744837568102e+01,1.321144530119850202e+01,-2.868671708076958282e+01,1.649853959353550170e+00,2.224866030913245396e+01,1.987128244406133959e+01,-2.418620488997556350e+01
2.983947301642978545e+01,1.249899577049332855e+01,-2.945764260126083656e+01,1.116849371339697639e+00,2.088115522084495623e+01,1.993325790946093079e+01,-2.174400336383797239e+01
3.027917675130757758e+01,1.360989289563937810e+01,-2.948035379974377435e+01,3.722507727832747637e+00,2.214386341424681959e+01,1.812090707164233905e+01,-2.130623642767199044e+01
3.110260080916042114e+01,1.420960099585417780e+01,-2.757148398795186495e+01,9.844468745703275347e-01,2.072654030671292702e+01,2.068659596674568135e+01,-2.311402916406582619e+01
2.917528769380744436e+01,1.513239403417573037e+01,-3.020257174400119382e+01,1.621140586786098625e+00,2.208581989717399807e+01,1.809116932994266236e+01,-2.200063320930600952e+01
-5.053749387141585458e+01,-7.973979472525495282e+01,-3.749460243788495717e+01,4.440030838518406853e+01,6.793810270586941868e+00,-3.505804353346012192e+01,-2.374312166273161395e+01
-5.096626097385387055e+01,-7.816380301962054489e+01,-3.553843113294215783e+01,4.885362108253648472e+01,4.800971706380730453e+00,-3.426125773566064936e+01,-2.275112723132064119e+01
-5.064622318550261326e+01,-7.746346203745827097e+01,-3.560820241978193224e+01,4.790780238387603163e+01,5.478513485497022550e+00,-3.422341118417439532e+01,-2.253210849858882980e+01
-5.161765208881457312e+01,-7.938073930015919188e+01,-3.636414306720195100e+01,4.579363991525158184e+01,5.167459066365899467e+00,-3.572052148617367351e+01,-2.223118672374993565e+01
-5.044343258106990646e+01,-7.580002007889230242e+01,-3.651294089867506187e+01,4.757447587492409724e+01,6.485842624697609970e+00,-3.575928658293955209e+01,-2.386510494215880840e+01
-5.119802299961126124e+01,-7.738568135833583028e+01,-3.579456920499471551e+01,4.572600198612641975e+01,4.736327416875259821e+00,-3.670581864132456928e+01,-2.207625999031170139e+01
-3.531651683563897848e+01,-6.509454277033904646e+01,-2.520188639524074148e+01,-7.978039071208337774e+00,1.675930407206260497e+01,8.974280943254822063e+00,-1.229286545743195802e+01
-3.463692020252165094e+01,-6.083255384618468042e+01,-2.665092500665894804e+01,-8.833795135595348569e+00,1.863634220091122629e+01,6.677713107028941053e+00,-1.411156899035244372e+01
-3.379393663248982449e+01,-6.376232483999798006e+01,-2.610704368620999460e+01,-8.217347571791821181e+00,1.835053216765911444e+01,8.948684205341937314e+00,-1.322262438043950716e+01
-3.395823883723479497e+01,-6.233189479835615288e+01,-2.728188590977876871e+01,-9.040426971716913229e+00,1.544349216790464574e+01,1.103303431831452031e+01,-1.224043268835880305e+01
-3.412931374521151895e+01,-6.319944243034827025e+01,-2.681725137846725460e+01,-1.129557114865016842e+01,1.912359456699104143e+01,7.784193699784842657e+00,-1.368602040067514913e+01
-3.512838837769356815e+01,-6.265110823498140036e+01,-2.683245622209204839e+01,-1.103800853866689557e+01,1.626182202357342632e+01,8.734767777987290316e+00,-1.208657064993530383e+01
4.039655000263510232e+01,3.152443205989354524e+01,1.970631840544459124e+01,2.658940667690411885e+01,-4.011297228000338322e+01,-3.710537222623500053e+00,-2.007450083899371052e+01
4.224323326930618094e+01,3.169882745846063798e+01,1.796636215298342876e+01,2.631749805004591281e+01,-3.947581400339033308e+01,-9.388292322578148941e-01,-2.175379739954757596e+01
3.999753207290709867e+01,2.990594556639214119e+01,2.019348869149136760e+01,2.598943517080336818e+01,-3.982679016982306308e+01,-2.267858478531822097e+00,-1.932889582156589015e+01
4.302756678309836502e+01,2.996585525297072650e+01,1.814901477388734463e+01,2.701634595982079645e+01,-4.107277143170334455e+01,-2.449903368087708699e+00,-2.141486549766384684e+01
4.128073446772716437e+01,2.959429338161367085e+01,2.162716748362948138e+01,2.832729803360617638e+01,-4.080442161278914170e+01,-1.469530014485951330e+00,-2.056061093823263519e+01
4.097776379944366454e+01,3.097754577456772296e+01,2.091051443951685229e+01,2.834027032189267103e+01,-3.909123752911811067e+01,-1.647018810610644479e+00,-2.084644188003204945e+01
-4.687020083298165929e+01,-3.000326550018636951e+01,8.349398941924397022e+00,-2.688671561822313905e+01,-6.128304796607521610e+01,-2.054623552935265707e+01,1.493781207035616276e+01
-4.885409997151279526e+01,-3.025298458601768559e+01,5.625055181299980944e+00,-2.522062312748100510e+01,-6.330166314541406791e+01,-2.048537639133996535e+01,1.188051220291154664e+01
-4.601505231715950117e+01,-3.029200187711869674e+01,7.593693698676165837e+00,-2.642058488908701008e+01,-6.119938955774692602e+01,-1.862844830510395155e+01,1.231562821186387602e+01
-4.816598044400862477e+01,-3.073192692817024607e+01,6.711629531304483365e+00,-2.583442646275081955e+01,-6.364631990205010226e+01,-2.140927052834572919e+01,1.360361134696755236e+01
-4.602518990328367465e+01,-2.972085689539140319e+01,8.184965988933166514e+00,-2.332714906419340650e+01,-6.169233688885648093e+01,-2.005350181377676222e+01,1.294009159619132809e+01
-4.721963856077300647e+01,-3.060965417656403176e+01,7.230939307188237741e+00,-2.302712897364986588e+01,-6.074393779897710033e+01,-2.033900737131369851e+01,1.186600929923638681e+01
2.850242827758021491e+01,-2.726013516481944343e-01,3.890742365235512068e+01,-2.561995958731359213e+00,-8.717645297968550366e-01,-2.478905513844267716e+01,-4.755211589781983328e+00
2.634565606052496989e+01,2.511406076251683217e-01,4.045101280844917113e+01,-1.966721084379281059e+00,-3.424810364816467612e+00,-2.796965419656741147e+01,-5.152264515635207154e+00
2.630707754132474463e+01,-2.391042742717861991e+00,4.092752547156708687e+01,-3.271818385102553961e+00,2.368682220302620323e-03,-2.696823128592317431e+01,-7.123165036928761573e+00
2.530550935860559747e+01,1.410544185406243045e+00,3.965622257283863661e+01,-3.622363927388856819e+00,-2.700575781970929068e+00,-2.594250725217580111e+01,-7.455356919273190996e+00
2.673527889198325624e+01,-3.064599774430834422e+00,3.853827979959508809e+01,-2.361667347229636782e+00,-2.125824362910428977e-01,-2.614430256050425427e+01,-5.930868877278657081e+00
2.792632773147043679e+01,-2.033221000331347561e+00,3.948294238243886412e+01,-4.318661848118551028e+00,-3.143125036517546711e+00,-2.487797825407120555e+01,-5.852589332647671228e+00
3.415588688556584174e+01,-8.327338380145565822e+00,-5.485155655690748588e+00,-3.875168945507419238e+01,2.356094935109278765e+01,-3.724499998601764617e-01,-7.673078303031613423e+00
3.399458646669867079e+01,-7.976734651008103860e+00,-5.560578706015818717e+00,-3.735052930290011375e+01,2.487942734813944057e+01,1.015147492170409560e-01,-5.514181328052484510e+00
3.271506414090719517e+01,-6.321377656584089344e+00,-7.406168482105153217e+00,-3.914085783831559695e+01,2.260582344438700630e+01,9.935474636495325029e-01,-3.292978630951199914e+00
3.407168995886866014e+01,-8.080876134603538929e+00,-6.658395517730378188e+00,-3.892750242661571747e+01,2.367722621117088266e+01,-2.275654583590346336e-01,-5.400713651588596065e+00
3.067754243238662326e+01,-8.562644825185406816e+00,-5.398439504067012784e+00,-3.954197424379064074e+01,2.368321768161122165e+01,-6.489156851780837343e-01,-5.819621069129792268e+00
3.102547398063991935e+01,-9.296099970868667128e+00,-7.021606911322843203e+00,-3.985571737776857049e+01,2.111420546011664712e+01,-1.047354151088851548e+00,-6.365455050418789007e+00
-1.147425790977590339e+02,6.131353978783225500e+01,6.917089417297098919e+01,2.470959220576408599e-01,4.501164320485754189e+01,8.450610849482691478e+00,-1.905921142001278046e+00
-1.182871843280631055e+02,5.978315671634933892e+01,6.846398338520234006e+01,-1.562089675732925009e-02,4.480055598152275564e+01,1.030117521923902402e+01,-3.428345162980591887e+00
-1.152572918569238851e+02,6.085512164595905205e+01,6.887489349594979160e+01,2.449880906190299079e+00,4.711610934833771580e+01,1.108243131474730525e+01,-3.690243695971172855e+00
-1.161978551368021328e+02,6.151337650545156777e+01,6.759655333916785480e+01,1.785592556240011231e+00,4.403761649674090251e+01,9.603692245354418233e+00,-3.458848273730765754e+00
-1.140664109933624957e+02,6.030931665984837764e+01,6.764416321096366858e+01,7.594137406678846958e-01,4.665338543589172104e+01,9.105719100889055895e+00,-3.773172602150518529e+00
-1.146226895224605897e+02,6.112459636403984575e+01,6.796291775154536197e+01,7.738979717088749766e-01,4.566119977666555485e+01,8.499423166755514458e+00,-2.803496923302847499e+00
1.301635960357774557e+01,2.967967160795314641e+01,1.155044683415005125e+01,4.551807407521152982e+01,-2.489019374239378024e+01,3.911247085451822159e+01,-1.813047125947009164e+01
1.493658944902892749e+01,3.057148117971641099e+01,1.256964928948613647e+01,4.349172818963628373e+01,-2.250545229892823329e+01,3.671619486515419339e+01,-1.939705164753394939e+01
1.621822868056526090e+01,2.768367578278535035e+01,1.286484246402183018e+01,4.490183944953192707e+01,-2.356480361646554300e+01,3.629565280120124271e+01,-1.815105362743424422e+01
1.383874882158783315e+01,2.966634049520699534e+01,1.289990664441349111e+01,4.308413035576164418e+01,-2.192061888577302398e+01,3.675279721021476576e+01,-2.132557555267472438e+01
1.605814431969072942e+01,2.990236278950368032e+01,1.062991473932470043e+01,4.526203266927058166e+01,-2.313988171635836011e+01,3.788651451027100592e+01,-2.071089356215156485e+01
1.466736287897212243e+01,2.945096389617938115e+01,1.407268161882556967e+01,4.530293092635157137e+01,-2.337387016030303499e+01,3.794964859775377874e+01,-2.018773694202169366e+01
2.670745454888678339e+01,5.152888148993282513e+00,3.625812177988077867e+00,-2.712142234001174046e+01,1.629271894218867089e+01,3.730695496479083317e+01,7.135923880239833039e+00
2.733544170284820751e+01,5.046399423507173410e+00,4.400077657835126388e+00,-2.792813477522541632e+01,1.702848684352481001e+01,3.900515294819768997e+01,7.105293003440336541e+00
2.439517573573210640e+01,4.735191705697577191e+00,4.675040667717679455e+00,-2.669303610992799491e+01,1.759045566671522920e+01,4.101243110787135038e+01,7.006164357933315046e+00
2.665614365970531807e+01,3.996525054091867979e+00,4.283637276421083939e+00,-2.680816934299355481e+01,1.715300842743755894e+01,3.813713898305184102e+01,5.708248932550699095e+00
2.727126893724350865e+01,6.126723814915841615e+00,4.877134070029366164e+00,-2.800847619491466389e+01,1.581267518635260494e+01,3.908835970303371710e+01,5.593911237353864863e+00
2.671499966351709787e+01,6.125466412388751003e+00,3.029178024490339460e+00,-2.772327001631099819e+01,1.621976017975423900e+01,3.839295678096315356e+01,7.710262123354812758e+00
6.926696947307851815e+01,-3.329083098556532150e+01,4.832134662892162424e+00,-3.965247508870439219e+01,1.103768603524272685e+01,1.132533111534752734e+01,-3.031570469049692562e+01
7.151493582596332033e+01,-3.443253820314625813e+01,5.951264952094770244e+00,-4.054171646374408056e+01,1.058296652689261030e+01,1.344784189101146410e+01,-2.991743369939044328e+01
6.898282602155452992e+01,-3.344328889335308475e+01,3.898989760742239685e+00,-3.913071832108799697e+01,1.216273627347568365e+01,1.048629456450704467e+01,-3.007422246059011428e+01
6.997190842071279349e+01,-3.375939328458066768e+01,4.686938995006569186e+00,-3.944752365805980077e+01,1.116334493370634817e+01,1.162560350522037389e+01,-3.217148066551834518e+01
6.872422359001963343e+01,-3.450601632892821158e+01,3.666392712040913882e+00,-3.975645710827094348e+01,1.109349688292602565e+01,1.231636958507663948e+01,-3.144487557309677683e+01
6.937906478035594660e+01,-3.397087664923390804e+01,4.211433992099103740e+00,-3.921176965768649580e+01,1.006816682018689590e+01,1.313986469342026275e+01,-3.153808937809014523e+01
1.588150578303477367e+01,2.083332003547914013e+01,2.496366236676545114e+01,7.903611548530626862e+00,4.139299715576314931e+00,-2.562769704348101740e+01,-1.132447868432049987e+01
1.602384403443444683e+01,2.084501614061353791e+01,2.311737371478363201e+01,6.870057913723387699e+00,3.550566288138480964e+00,-2.565198525126224993e+01,-1.020187534427853748e+01
1.618403455237377031e+01,2.097769639987294710e+01,2.416305191041715261e+01,7.237749380981784775e+00,4.689453907554408829e+00,-2.583459523457987927e+01,-1.071894727991785601e+01
1.632766331036085816e+01,2.159675501901725880e+01,2.422710586786036657e+01,8.753497606235203676e+00,3.264020511237013977e+00,-2.531943491800835133e+01,-1.259217851965679102e+01
1.657213151221643344e+01,1.893464684898238559e+01,2.282417829448921509e+01,6.980793149360184913e+00,2.826123659685406686e+00,-2.485473508305872059e+01,-1.116272116703549955e+01
2.305934843369541554e+01,1.211476554259849792e+01,-7.723312148680414602e-01,-4.714058387551093965e+00,5.791953695726106410e+00,-8.955117449970607879e+00,1.553375854980408732e+01
2.285777827492324477e+01,1.265910846543785162e+01,-9.542459640746023819e-01,-6.269067559440323123e+00,4.309213022101016755e+00,-8.658870544095865540e+00,1.687180861020465628e+01
2.393487053102798967e+01,1.216053205463775555e+01,-2.801001139171212628e+00,-4.238259987668262951e+00,4.682815571810922783e+00,-8.319901278410714696e+00,1.632720958503525566e+01
2.414983264261845264e+01,1.305887157637615559e+01,-2.105285489852474434e+00,-5.771768758774473262e+00,7.235477061103846808e+00,-8.244271837849884932e+00,1.729430283777582744e+01
2.483495034621613584e+01,1.070278173002887634e+01,-4.126452592279881593e+00,-5.506772414125276960e+00,5.424298556954220807e+00,-9.227151650472853461e+00,1.529935132033567946e+01
